cost,time,status,seed,config_id,instance_id
0.022813,0.022813,StatusType.SUCCESS,1298508491,1,instances/gzip_vc1044.cnf
0.040615,0.040615,StatusType.SUCCESS,2143362693,1,instances/gzip_vc1038.cnf
0.020879,0.020879,StatusType.SUCCESS,1298508491,2,instances/gzip_vc1044.cnf
0.038686,0.038686,StatusType.SUCCESS,2143362693,2,instances/gzip_vc1038.cnf
0.016948,0.016948,StatusType.SUCCESS,1703301249,2,instances/gzip_vc1018.cnf
0.023201,0.023201,StatusType.SUCCESS,1703301249,3,instances/gzip_vc1018.cnf
0.008648,0.008648,StatusType.SUCCESS,1704103302,2,instances/gzip_vc1021.cnf
0.014478,0.014478,StatusType.SUCCESS,1703301249,4,instances/gzip_vc1018.cnf
0.017291,0.017291,StatusType.SUCCESS,1298508491,4,instances/gzip_vc1044.cnf
0.006671,0.006671,StatusType.SUCCESS,1704103302,4,instances/gzip_vc1021.cnf
0.032347,0.032347,StatusType.SUCCESS,2143362693,4,instances/gzip_vc1038.cnf
0.01789,0.01789,StatusType.SUCCESS,1703301249,1,instances/gzip_vc1018.cnf
0.015734,0.015734,StatusType.SUCCESS,878115723,4,instances/gzip_vc1031.cnf
0.019305,0.019305,StatusType.SUCCESS,1703301249,5,instances/gzip_vc1018.cnf
0.003259,0.003259,StatusType.SUCCESS,732152370,4,instances/gzip_vc1012.cnf
0.003951,0.003951,StatusType.SUCCESS,732152370,6,instances/gzip_vc1012.cnf
0.002149,0.002149,StatusType.SUCCESS,1195672662,4,instances/gzip_vc1013.cnf
0.021541,0.021541,StatusType.SUCCESS,878115723,7,instances/gzip_vc1031.cnf
0.033055,0.033055,StatusType.SUCCESS,1413675217,4,instances/gzip_vc1027.cnf
0.005508,0.005508,StatusType.SUCCESS,732152370,8,instances/gzip_vc1012.cnf
0.017968,0.017968,StatusType.SUCCESS,399713351,4,instances/gzip_vc1020.cnf
0.002547,0.002547,StatusType.SUCCESS,1195672662,9,instances/gzip_vc1013.cnf
0.00932,0.00932,StatusType.SUCCESS,610401323,4,instances/gzip_vc1041.cnf
0.017422,0.017422,StatusType.SUCCESS,878115723,10,instances/gzip_vc1031.cnf
0.011034,0.011034,StatusType.SUCCESS,1282027545,4,instances/gzip_vc1041.cnf
0.040231,0.040231,StatusType.SUCCESS,1413675217,11,instances/gzip_vc1027.cnf
0.018737,0.018737,StatusType.SUCCESS,768092755,4,instances/gzip_vc1044.cnf
0.054345,0.054345,StatusType.SUCCESS,2143362693,12,instances/gzip_vc1038.cnf
0.037625,0.037625,StatusType.SUCCESS,992203680,4,instances/gzip_vc1038.cnf
0.018196,0.018196,StatusType.SUCCESS,878115723,13,instances/gzip_vc1031.cnf
0.030895,0.030895,StatusType.SUCCESS,1909519948,4,instances/gzip_vc1027.cnf
0.01168,0.01168,StatusType.SUCCESS,1704103302,14,instances/gzip_vc1021.cnf
0.002515,0.002515,StatusType.SUCCESS,592003168,4,instances/gzip_vc1013.cnf
0.027349,0.027349,StatusType.SUCCESS,1909519948,15,instances/gzip_vc1027.cnf
0.002203,0.002203,StatusType.SUCCESS,592003168,15,instances/gzip_vc1013.cnf
0.03495,0.03495,StatusType.SUCCESS,1413675217,15,instances/gzip_vc1027.cnf
0.020122,0.020122,StatusType.SUCCESS,1298508491,15,instances/gzip_vc1044.cnf
0.002607,0.002607,StatusType.SUCCESS,1195672662,15,instances/gzip_vc1013.cnf
0.004296,0.004296,StatusType.SUCCESS,732152370,15,instances/gzip_vc1012.cnf
0.016772,0.016772,StatusType.SUCCESS,878115723,15,instances/gzip_vc1031.cnf
0.017225,0.017225,StatusType.SUCCESS,116213680,4,instances/gzip_vc1031.cnf
0.044759,0.044759,StatusType.SUCCESS,992203680,16,instances/gzip_vc1038.cnf
0.009612,0.009612,StatusType.SUCCESS,1857983374,4,instances/gzip_vc1021.cnf
0.002701,0.002701,StatusType.SUCCESS,1195672662,17,instances/gzip_vc1013.cnf
0.01923,0.01923,StatusType.SUCCESS,438667483,4,instances/gzip_vc1020.cnf
0.043523,0.043523,StatusType.SUCCESS,1909519948,18,instances/gzip_vc1027.cnf
0.014574,0.014574,StatusType.SUCCESS,1319006753,4,instances/gzip_vc1018.cnf
0.092187,0.092187,StatusType.SUCCESS,1413675217,19,instances/gzip_vc1027.cnf
0.004145,0.004145,StatusType.SUCCESS,1179591951,4,instances/gzip_vc1012.cnf
0.02427,0.02427,StatusType.SUCCESS,399713351,20,instances/gzip_vc1020.cnf
0.016089,0.016089,StatusType.SUCCESS,170439343,4,instances/gzip_vc1044.cnf
0.034127,0.034127,StatusType.SUCCESS,1298508491,21,instances/gzip_vc1044.cnf
0.013204,0.013204,StatusType.SUCCESS,557132457,4,instances/gzip_vc1018.cnf
0.013457,0.013457,StatusType.SUCCESS,557132457,22,instances/gzip_vc1018.cnf
0.017332,0.017332,StatusType.SUCCESS,710413845,4,instances/gzip_vc1031.cnf
0.043586,0.043586,StatusType.SUCCESS,2143362693,23,instances/gzip_vc1038.cnf
0.003105,0.003105,StatusType.SUCCESS,1695977848,4,instances/gzip_vc1012.cnf
0.023336,0.023336,StatusType.SUCCESS,1298508491,24,instances/gzip_vc1044.cnf
0.034341,0.034341,StatusType.SUCCESS,1208933503,4,instances/gzip_vc1038.cnf
0.017784,0.017784,StatusType.SUCCESS,610401323,25,instances/gzip_vc1041.cnf
0.002575,0.002575,StatusType.SUCCESS,1687444137,4,instances/gzip_vc1013.cnf
0.013608,0.013608,StatusType.SUCCESS,557132457,26,instances/gzip_vc1018.cnf
0.03055,0.03055,StatusType.SUCCESS,320883483,4,instances/gzip_vc1027.cnf
0.026977,0.026977,StatusType.SUCCESS,438667483,27,instances/gzip_vc1020.cnf
0.020549,0.020549,StatusType.SUCCESS,852851176,4,instances/gzip_vc1020.cnf
0.015039,0.015039,StatusType.SUCCESS,1298508491,28,instances/gzip_vc1044.cnf
0.048968,0.048968,StatusType.SUCCESS,2143362693,28,instances/gzip_vc1038.cnf
0.016853,0.016853,StatusType.SUCCESS,768092755,28,instances/gzip_vc1044.cnf
0.00917,0.00917,StatusType.SUCCESS,1104314680,4,instances/gzip_vc1041.cnf
0.034465,0.034465,StatusType.SUCCESS,852851176,29,instances/gzip_vc1020.cnf
0.006748,0.006748,StatusType.SUCCESS,44500126,4,instances/gzip_vc1021.cnf
0.003259,0.003259,StatusType.SUCCESS,1179591951,30,instances/gzip_vc1012.cnf
0.008887,0.008887,StatusType.SUCCESS,1857983374,30,instances/gzip_vc1021.cnf
0.002807,0.002807,StatusType.SUCCESS,1195672662,30,instances/gzip_vc1013.cnf
0.023151,0.023151,StatusType.SUCCESS,1909519948,30,instances/gzip_vc1027.cnf
0.033187,0.033187,StatusType.SUCCESS,2143362693,30,instances/gzip_vc1038.cnf
0.01775,0.01775,StatusType.SUCCESS,438667483,30,instances/gzip_vc1020.cnf
0.015614,0.015614,StatusType.SUCCESS,1703301249,30,instances/gzip_vc1018.cnf
0.008504,0.008504,StatusType.SUCCESS,1704103302,30,instances/gzip_vc1021.cnf
0.009388,0.009388,StatusType.SUCCESS,1104314680,30,instances/gzip_vc1041.cnf
0.013998,0.013998,StatusType.SUCCESS,557132457,30,instances/gzip_vc1018.cnf
0.016363,0.016363,StatusType.SUCCESS,768092755,30,instances/gzip_vc1044.cnf
0.019026,0.019026,StatusType.SUCCESS,116213680,30,instances/gzip_vc1031.cnf
0.025903,0.025903,StatusType.SUCCESS,320883483,30,instances/gzip_vc1027.cnf
0.017191,0.017191,StatusType.SUCCESS,710413845,30,instances/gzip_vc1031.cnf
0.004171,0.004171,StatusType.SUCCESS,732152370,30,instances/gzip_vc1012.cnf
0.011112,0.011112,StatusType.SUCCESS,610401323,30,instances/gzip_vc1041.cnf
0.011218,0.011218,StatusType.SUCCESS,1282027545,30,instances/gzip_vc1041.cnf
0.015409,0.015409,StatusType.SUCCESS,1319006753,30,instances/gzip_vc1018.cnf
0.018252,0.018252,StatusType.SUCCESS,399713351,30,instances/gzip_vc1020.cnf
0.034535,0.034535,StatusType.SUCCESS,992203680,30,instances/gzip_vc1038.cnf
0.002633,0.002633,StatusType.SUCCESS,592003168,30,instances/gzip_vc1013.cnf
0.033248,0.033248,StatusType.SUCCESS,1208933503,30,instances/gzip_vc1038.cnf
0.003368,0.003368,StatusType.SUCCESS,1695977848,30,instances/gzip_vc1012.cnf
0.027059,0.027059,StatusType.SUCCESS,878115723,30,instances/gzip_vc1031.cnf
0.002654,0.002654,StatusType.SUCCESS,1687444137,30,instances/gzip_vc1013.cnf
0.008302,0.008302,StatusType.SUCCESS,44500126,30,instances/gzip_vc1021.cnf
0.01884,0.01884,StatusType.SUCCESS,852851176,30,instances/gzip_vc1020.cnf
0.017827,0.017827,StatusType.SUCCESS,170439343,30,instances/gzip_vc1044.cnf
0.024209,0.024209,StatusType.SUCCESS,1413675217,30,instances/gzip_vc1027.cnf
0.016173,0.016173,StatusType.SUCCESS,1298508491,30,instances/gzip_vc1044.cnf
0.021953,0.021953,StatusType.SUCCESS,768092755,1,instances/gzip_vc1044.cnf
0.025916,0.025916,StatusType.SUCCESS,315770200,30,instances/gzip_vc1027.cnf
0.018392,0.018392,StatusType.SUCCESS,399713351,31,instances/gzip_vc1020.cnf
0.013885,0.013885,StatusType.SUCCESS,1205532000,30,instances/gzip_vc1018.cnf
0.012151,0.012151,StatusType.SUCCESS,557132457,32,instances/gzip_vc1018.cnf
0.039191,0.039191,StatusType.SUCCESS,992203680,32,instances/gzip_vc1038.cnf
0.006496,0.006496,StatusType.SUCCESS,1857983374,32,instances/gzip_vc1021.cnf
0.016406,0.016406,StatusType.SUCCESS,2138822019,30,instances/gzip_vc1044.cnf
0.016981,0.016981,StatusType.SUCCESS,116213680,33,instances/gzip_vc1031.cnf
0.01724,0.01724,StatusType.SUCCESS,170439343,33,instances/gzip_vc1044.cnf
0.017378,0.017378,StatusType.SUCCESS,399713351,33,instances/gzip_vc1020.cnf
0.016763,0.016763,StatusType.SUCCESS,768092755,33,instances/gzip_vc1044.cnf
0.017653,0.017653,StatusType.SUCCESS,878115723,33,instances/gzip_vc1031.cnf
0.015704,0.015704,StatusType.SUCCESS,1298508491,33,instances/gzip_vc1044.cnf
0.031248,0.031248,StatusType.SUCCESS,315770200,33,instances/gzip_vc1027.cnf
0.004088,0.004088,StatusType.SUCCESS,732152370,33,instances/gzip_vc1012.cnf
0.001863,0.001863,StatusType.SUCCESS,592003168,33,instances/gzip_vc1013.cnf
0.040222,0.040222,StatusType.SUCCESS,992203680,33,instances/gzip_vc1038.cnf
0.04008,0.04008,StatusType.SUCCESS,1208933503,33,instances/gzip_vc1038.cnf
0.012932,0.012932,StatusType.SUCCESS,1703301249,33,instances/gzip_vc1018.cnf
0.003142,0.003142,StatusType.SUCCESS,1179591951,33,instances/gzip_vc1012.cnf
0.00684,0.00684,StatusType.SUCCESS,44500126,33,instances/gzip_vc1021.cnf
0.008782,0.008782,StatusType.SUCCESS,1857983374,33,instances/gzip_vc1021.cnf
0.00244,0.00244,StatusType.SUCCESS,1687444137,33,instances/gzip_vc1013.cnf
0.031849,0.031849,StatusType.SUCCESS,320883483,33,instances/gzip_vc1027.cnf
0.001934,0.001934,StatusType.SUCCESS,1195672662,33,instances/gzip_vc1013.cnf
0.006428,0.006428,StatusType.SUCCESS,1704103302,33,instances/gzip_vc1021.cnf
0.028773,0.028773,StatusType.SUCCESS,1909519948,33,instances/gzip_vc1027.cnf
0.021469,0.021469,StatusType.SUCCESS,438667483,33,instances/gzip_vc1020.cnf
0.013706,0.013706,StatusType.SUCCESS,557132457,33,instances/gzip_vc1018.cnf
0.042027,0.042027,StatusType.SUCCESS,2143362693,33,instances/gzip_vc1038.cnf
0.016836,0.016836,StatusType.SUCCESS,1205532000,33,instances/gzip_vc1018.cnf
0.021224,0.021224,StatusType.SUCCESS,852851176,33,instances/gzip_vc1020.cnf
0.014883,0.014883,StatusType.SUCCESS,1319006753,33,instances/gzip_vc1018.cnf
0.018172,0.018172,StatusType.SUCCESS,2138822019,33,instances/gzip_vc1044.cnf
0.035205,0.035205,StatusType.SUCCESS,1413675217,33,instances/gzip_vc1027.cnf
0.011022,0.011022,StatusType.SUCCESS,610401323,33,instances/gzip_vc1041.cnf
0.010971,0.010971,StatusType.SUCCESS,1104314680,33,instances/gzip_vc1041.cnf
0.011434,0.011434,StatusType.SUCCESS,1282027545,33,instances/gzip_vc1041.cnf
0.003501,0.003501,StatusType.SUCCESS,259974304,30,instances/gzip_vc1012.cnf
0.012073,0.012073,StatusType.SUCCESS,1104314680,34,instances/gzip_vc1041.cnf
0.001949,0.001949,StatusType.SUCCESS,1287530423,30,instances/gzip_vc1013.cnf
0.013297,0.013297,StatusType.SUCCESS,610401323,35,instances/gzip_vc1041.cnf
0.031608,0.031608,StatusType.SUCCESS,1638222925,30,instances/gzip_vc1038.cnf
0.027859,0.027859,StatusType.SUCCESS,315770200,36,instances/gzip_vc1027.cnf
0.009455,0.009455,StatusType.SUCCESS,457774255,30,instances/gzip_vc1041.cnf
0.016834,0.016834,StatusType.SUCCESS,1319006753,37,instances/gzip_vc1018.cnf
0.016731,0.016731,StatusType.SUCCESS,2051782562,30,instances/gzip_vc1020.cnf
0.006647,0.006647,StatusType.SUCCESS,44500126,38,instances/gzip_vc1021.cnf
0.003331,0.003331,StatusType.SUCCESS,1179591951,38,instances/gzip_vc1012.cnf
0.019487,0.019487,StatusType.SUCCESS,852851176,38,instances/gzip_vc1020.cnf
0.020802,0.020802,StatusType.SUCCESS,170439343,38,instances/gzip_vc1044.cnf
0.025677,0.025677,StatusType.SUCCESS,315770200,38,instances/gzip_vc1027.cnf
0.01764,0.01764,StatusType.SUCCESS,1298508491,38,instances/gzip_vc1044.cnf
0.011086,0.011086,StatusType.SUCCESS,610401323,38,instances/gzip_vc1041.cnf
0.019034,0.019034,StatusType.SUCCESS,1050945107,30,instances/gzip_vc1031.cnf
0.045072,0.045072,StatusType.SUCCESS,320883483,39,instances/gzip_vc1027.cnf
0.006467,0.006467,StatusType.SUCCESS,513621141,30,instances/gzip_vc1021.cnf
0.026132,0.026132,StatusType.SUCCESS,320883483,40,instances/gzip_vc1027.cnf
0.006412,0.006412,StatusType.SUCCESS,621042495,30,instances/gzip_vc1021.cnf
0.028904,0.028904,StatusType.SUCCESS,438667483,41,instances/gzip_vc1020.cnf
0.017326,0.017326,StatusType.SUCCESS,1289917162,30,instances/gzip_vc1018.cnf
0.005675,0.005675,StatusType.SUCCESS,1179591951,42,instances/gzip_vc1012.cnf
0.003169,0.003169,StatusType.SUCCESS,262150548,30,instances/gzip_vc1012.cnf
0.009184,0.009184,StatusType.SUCCESS,610401323,43,instances/gzip_vc1041.cnf
0.017176,0.017176,StatusType.SUCCESS,1050945107,43,instances/gzip_vc1031.cnf
0.019277,0.019277,StatusType.SUCCESS,2051782562,43,instances/gzip_vc1020.cnf
0.0135,0.0135,StatusType.SUCCESS,1319006753,43,instances/gzip_vc1018.cnf
0.006375,0.006375,StatusType.SUCCESS,44500126,43,instances/gzip_vc1021.cnf
0.015495,0.015495,StatusType.SUCCESS,878115723,43,instances/gzip_vc1031.cnf
0.025763,0.025763,StatusType.SUCCESS,1909519948,43,instances/gzip_vc1027.cnf
0.006408,0.006408,StatusType.SUCCESS,621042495,43,instances/gzip_vc1021.cnf
0.018783,0.018783,StatusType.SUCCESS,852851176,43,instances/gzip_vc1020.cnf
0.023481,0.023481,StatusType.SUCCESS,320883483,43,instances/gzip_vc1027.cnf
0.030098,0.030098,StatusType.SUCCESS,1208933503,43,instances/gzip_vc1038.cnf
0.035553,0.035553,StatusType.SUCCESS,992203680,43,instances/gzip_vc1038.cnf
0.011067,0.011067,StatusType.SUCCESS,457774255,43,instances/gzip_vc1041.cnf
0.028533,0.028533,StatusType.SUCCESS,1413675217,43,instances/gzip_vc1027.cnf
0.016709,0.016709,StatusType.SUCCESS,438667483,43,instances/gzip_vc1020.cnf
0.015485,0.015485,StatusType.SUCCESS,116213680,43,instances/gzip_vc1031.cnf
0.01583,0.01583,StatusType.SUCCESS,1298508491,43,instances/gzip_vc1044.cnf
0.019675,0.019675,StatusType.SUCCESS,2138822019,43,instances/gzip_vc1044.cnf
0.015564,0.015564,StatusType.SUCCESS,710413845,43,instances/gzip_vc1031.cnf
0.017375,0.017375,StatusType.SUCCESS,399713351,43,instances/gzip_vc1020.cnf
0.003083,0.003083,StatusType.SUCCESS,262150548,43,instances/gzip_vc1012.cnf
0.014542,0.014542,StatusType.SUCCESS,1205532000,43,instances/gzip_vc1018.cnf
0.025681,0.025681,StatusType.SUCCESS,315770200,43,instances/gzip_vc1027.cnf
0.011324,0.011324,StatusType.SUCCESS,1282027545,43,instances/gzip_vc1041.cnf
0.030841,0.030841,StatusType.SUCCESS,2143362693,43,instances/gzip_vc1038.cnf
0.003741,0.003741,StatusType.SUCCESS,732152370,43,instances/gzip_vc1012.cnf
0.006498,0.006498,StatusType.SUCCESS,513621141,43,instances/gzip_vc1021.cnf
0.001955,0.001955,StatusType.SUCCESS,1195672662,43,instances/gzip_vc1013.cnf
0.011056,0.011056,StatusType.SUCCESS,1104314680,43,instances/gzip_vc1041.cnf
0.003511,0.003511,StatusType.SUCCESS,1179591951,43,instances/gzip_vc1012.cnf
0.002164,0.002164,StatusType.SUCCESS,1687444137,43,instances/gzip_vc1013.cnf
0.018701,0.018701,StatusType.SUCCESS,170439343,43,instances/gzip_vc1044.cnf
0.035909,0.035909,StatusType.SUCCESS,1638222925,43,instances/gzip_vc1038.cnf
0.002203,0.002203,StatusType.SUCCESS,1287530423,43,instances/gzip_vc1013.cnf
0.006544,0.006544,StatusType.SUCCESS,1857983374,43,instances/gzip_vc1021.cnf
0.006364,0.006364,StatusType.SUCCESS,1704103302,43,instances/gzip_vc1021.cnf
0.015178,0.015178,StatusType.SUCCESS,1703301249,43,instances/gzip_vc1018.cnf
0.016721,0.016721,StatusType.SUCCESS,768092755,43,instances/gzip_vc1044.cnf
0.003168,0.003168,StatusType.SUCCESS,1695977848,43,instances/gzip_vc1012.cnf
0.003327,0.003327,StatusType.SUCCESS,259974304,43,instances/gzip_vc1012.cnf
0.016915,0.016915,StatusType.SUCCESS,1289917162,43,instances/gzip_vc1018.cnf
0.01604,0.01604,StatusType.SUCCESS,557132457,43,instances/gzip_vc1018.cnf
0.001879,0.001879,StatusType.SUCCESS,592003168,43,instances/gzip_vc1013.cnf
0.023607,0.023607,StatusType.SUCCESS,399713351,1,instances/gzip_vc1020.cnf
0.024885,0.024885,StatusType.SUCCESS,1960903859,43,instances/gzip_vc1027.cnf
0.017216,0.017216,StatusType.SUCCESS,1703301249,44,instances/gzip_vc1018.cnf
0.035989,0.035989,StatusType.SUCCESS,324139549,43,instances/gzip_vc1038.cnf
0.002344,0.002344,StatusType.SUCCESS,1287530423,45,instances/gzip_vc1013.cnf
0.002583,0.002583,StatusType.SUCCESS,1925045143,43,instances/gzip_vc1013.cnf
0.015431,0.015431,StatusType.SUCCESS,1319006753,46,instances/gzip_vc1018.cnf
0.017689,0.017689,StatusType.SUCCESS,2083982612,43,instances/gzip_vc1044.cnf
0.002319,0.002319,StatusType.SUCCESS,1925045143,47,instances/gzip_vc1013.cnf
0.016948,0.016948,StatusType.SUCCESS,1050945107,47,instances/gzip_vc1031.cnf
0.017593,0.017593,StatusType.SUCCESS,1319006753,47,instances/gzip_vc1018.cnf
0.015556,0.015556,StatusType.SUCCESS,538242005,43,instances/gzip_vc1031.cnf
0.0032,0.0032,StatusType.SUCCESS,259974304,48,instances/gzip_vc1012.cnf
0.006664,0.006664,StatusType.SUCCESS,621042495,48,instances/gzip_vc1021.cnf
0.024555,0.024555,StatusType.SUCCESS,1413675217,48,instances/gzip_vc1027.cnf
0.031444,0.031444,StatusType.SUCCESS,1638222925,48,instances/gzip_vc1038.cnf
0.018286,0.018286,StatusType.SUCCESS,399713351,48,instances/gzip_vc1020.cnf
0.016547,0.016547,StatusType.SUCCESS,1298508491,48,instances/gzip_vc1044.cnf
0.015755,0.015755,StatusType.SUCCESS,538242005,48,instances/gzip_vc1031.cnf
0.00654,0.00654,StatusType.SUCCESS,1704103302,48,instances/gzip_vc1021.cnf
0.016589,0.016589,StatusType.SUCCESS,2051782562,48,instances/gzip_vc1020.cnf
0.02442,0.02442,StatusType.SUCCESS,1960903859,48,instances/gzip_vc1027.cnf
0.013759,0.013759,StatusType.SUCCESS,1205532000,48,instances/gzip_vc1018.cnf
0.017088,0.017088,StatusType.SUCCESS,2083982612,48,instances/gzip_vc1044.cnf
0.00331,0.00331,StatusType.SUCCESS,262150548,48,instances/gzip_vc1012.cnf
0.033686,0.033686,StatusType.SUCCESS,2143362693,48,instances/gzip_vc1038.cnf
0.018737,0.018737,StatusType.SUCCESS,438667483,48,instances/gzip_vc1020.cnf
0.026433,0.026433,StatusType.SUCCESS,315770200,48,instances/gzip_vc1027.cnf
0.002598,0.002598,StatusType.SUCCESS,592003168,48,instances/gzip_vc1013.cnf
0.017315,0.017315,StatusType.SUCCESS,116213680,48,instances/gzip_vc1031.cnf
0.031375,0.031375,StatusType.SUCCESS,1208933503,48,instances/gzip_vc1038.cnf
0.017738,0.017738,StatusType.SUCCESS,1050945107,48,instances/gzip_vc1031.cnf
0.009402,0.009402,StatusType.SUCCESS,1282027545,48,instances/gzip_vc1041.cnf
0.01373,0.01373,StatusType.SUCCESS,557132457,48,instances/gzip_vc1018.cnf
0.00246,0.00246,StatusType.SUCCESS,1195672662,48,instances/gzip_vc1013.cnf
0.008922,0.008922,StatusType.SUCCESS,1857983374,48,instances/gzip_vc1021.cnf
0.026096,0.026096,StatusType.SUCCESS,320883483,48,instances/gzip_vc1027.cnf
0.006693,0.006693,StatusType.SUCCESS,513621141,48,instances/gzip_vc1021.cnf
0.018391,0.018391,StatusType.SUCCESS,768092755,48,instances/gzip_vc1044.cnf
0.002525,0.002525,StatusType.SUCCESS,1687444137,48,instances/gzip_vc1013.cnf
0.033293,0.033293,StatusType.SUCCESS,992203680,48,instances/gzip_vc1038.cnf
0.019457,0.019457,StatusType.SUCCESS,1703301249,48,instances/gzip_vc1018.cnf
0.004404,0.004404,StatusType.SUCCESS,732152370,48,instances/gzip_vc1012.cnf
0.009654,0.009654,StatusType.SUCCESS,1029125567,43,instances/gzip_vc1041.cnf
0.002337,0.002337,StatusType.SUCCESS,1687444137,49,instances/gzip_vc1013.cnf
0.017453,0.017453,StatusType.SUCCESS,969127330,43,instances/gzip_vc1020.cnf
0.014658,0.014658,StatusType.SUCCESS,2083982612,50,instances/gzip_vc1044.cnf
0.008228,0.008228,StatusType.SUCCESS,621042495,50,instances/gzip_vc1021.cnf
0.009236,0.009236,StatusType.SUCCESS,610401323,50,instances/gzip_vc1041.cnf
0.008429,0.008429,StatusType.SUCCESS,1704103302,50,instances/gzip_vc1021.cnf
0.030142,0.030142,StatusType.SUCCESS,1638222925,50,instances/gzip_vc1038.cnf
0.015498,0.015498,StatusType.SUCCESS,438667483,50,instances/gzip_vc1020.cnf
0.017163,0.017163,StatusType.SUCCESS,878115723,50,instances/gzip_vc1031.cnf
0.00427,0.00427,StatusType.SUCCESS,262150548,50,instances/gzip_vc1012.cnf
0.016879,0.016879,StatusType.SUCCESS,1298508491,50,instances/gzip_vc1044.cnf
0.022519,0.022519,StatusType.SUCCESS,1960903859,50,instances/gzip_vc1027.cnf
0.015616,0.015616,StatusType.SUCCESS,710413845,50,instances/gzip_vc1031.cnf
0.025312,0.025312,StatusType.SUCCESS,1909519948,50,instances/gzip_vc1027.cnf
0.015656,0.015656,StatusType.SUCCESS,852851176,50,instances/gzip_vc1020.cnf
0.00425,0.00425,StatusType.SUCCESS,1695977848,50,instances/gzip_vc1012.cnf
0.01796,0.01796,StatusType.SUCCESS,2138822019,50,instances/gzip_vc1044.cnf
0.002612,0.002612,StatusType.SUCCESS,1195672662,50,instances/gzip_vc1013.cnf
0.037893,0.037893,StatusType.SUCCESS,2143362693,50,instances/gzip_vc1038.cnf
0.002511,0.002511,StatusType.SUCCESS,1925045143,50,instances/gzip_vc1013.cnf
0.01031,0.01031,StatusType.SUCCESS,1282027545,50,instances/gzip_vc1041.cnf
0.016694,0.016694,StatusType.SUCCESS,170439343,50,instances/gzip_vc1044.cnf
0.028992,0.028992,StatusType.SUCCESS,1208933503,50,instances/gzip_vc1038.cnf
0.012337,0.012337,StatusType.SUCCESS,1289917162,50,instances/gzip_vc1018.cnf
0.003233,0.003233,StatusType.SUCCESS,259974304,50,instances/gzip_vc1012.cnf
0.022905,0.022905,StatusType.SUCCESS,320883483,50,instances/gzip_vc1027.cnf
0.016816,0.016816,StatusType.SUCCESS,116213680,50,instances/gzip_vc1031.cnf
0.019656,0.019656,StatusType.SUCCESS,2051782562,50,instances/gzip_vc1020.cnf
0.020589,0.020589,StatusType.SUCCESS,315770200,50,instances/gzip_vc1027.cnf
0.00621,0.00621,StatusType.SUCCESS,513621141,50,instances/gzip_vc1021.cnf
0.002657,0.002657,StatusType.SUCCESS,1287530423,50,instances/gzip_vc1013.cnf
0.00917,0.00917,StatusType.SUCCESS,1104314680,50,instances/gzip_vc1041.cnf
0.01259,0.01259,StatusType.SUCCESS,557132457,50,instances/gzip_vc1018.cnf
0.006507,0.006507,StatusType.SUCCESS,44500126,50,instances/gzip_vc1021.cnf
0.014419,0.014419,StatusType.SUCCESS,1319006753,50,instances/gzip_vc1018.cnf
0.010957,0.010957,StatusType.SUCCESS,1029125567,50,instances/gzip_vc1041.cnf
0.001963,0.001963,StatusType.SUCCESS,592003168,50,instances/gzip_vc1013.cnf
0.018315,0.018315,StatusType.SUCCESS,1050945107,50,instances/gzip_vc1031.cnf
0.004283,0.004283,StatusType.SUCCESS,1179591951,50,instances/gzip_vc1012.cnf
0.013977,0.013977,StatusType.SUCCESS,1703301249,50,instances/gzip_vc1018.cnf
0.014092,0.014092,StatusType.SUCCESS,1205532000,50,instances/gzip_vc1018.cnf
0.004409,0.004409,StatusType.SUCCESS,732152370,50,instances/gzip_vc1012.cnf
0.017071,0.017071,StatusType.SUCCESS,969127330,50,instances/gzip_vc1020.cnf
0.02018,0.02018,StatusType.SUCCESS,1413675217,50,instances/gzip_vc1027.cnf
0.006249,0.006249,StatusType.SUCCESS,1857983374,50,instances/gzip_vc1021.cnf
0.015033,0.015033,StatusType.SUCCESS,399713351,50,instances/gzip_vc1020.cnf
0.001947,0.001947,StatusType.SUCCESS,1687444137,50,instances/gzip_vc1013.cnf
0.011128,0.011128,StatusType.SUCCESS,457774255,50,instances/gzip_vc1041.cnf
0.027331,0.027331,StatusType.SUCCESS,992203680,50,instances/gzip_vc1038.cnf
0.017429,0.017429,StatusType.SUCCESS,538242005,50,instances/gzip_vc1031.cnf
0.016412,0.016412,StatusType.SUCCESS,768092755,50,instances/gzip_vc1044.cnf
0.043351,0.043351,StatusType.SUCCESS,324139549,50,instances/gzip_vc1038.cnf
0.026944,0.026944,StatusType.SUCCESS,438667483,1,instances/gzip_vc1020.cnf
0.020902,0.020902,StatusType.SUCCESS,537390900,50,instances/gzip_vc1027.cnf
0.016046,0.016046,StatusType.SUCCESS,2051782562,51,instances/gzip_vc1020.cnf
0.017309,0.017309,StatusType.SUCCESS,116213680,51,instances/gzip_vc1031.cnf
0.024859,0.024859,StatusType.SUCCESS,1960903859,51,instances/gzip_vc1027.cnf
0.016144,0.016144,StatusType.SUCCESS,1298508491,51,instances/gzip_vc1044.cnf
0.008074,0.008074,StatusType.SUCCESS,621042495,51,instances/gzip_vc1021.cnf
0.008209,0.008209,StatusType.SUCCESS,44500126,51,instances/gzip_vc1021.cnf
0.016236,0.016236,StatusType.SUCCESS,969127330,51,instances/gzip_vc1020.cnf
0.032153,0.032153,StatusType.SUCCESS,1208933503,51,instances/gzip_vc1038.cnf
0.018481,0.018481,StatusType.SUCCESS,170439343,51,instances/gzip_vc1044.cnf
0.01254,0.01254,StatusType.SUCCESS,557132457,51,instances/gzip_vc1018.cnf
0.015593,0.015593,StatusType.SUCCESS,1050945107,51,instances/gzip_vc1031.cnf
0.002558,0.002558,StatusType.SUCCESS,1195672662,51,instances/gzip_vc1013.cnf
0.018247,0.018247,StatusType.SUCCESS,399713351,51,instances/gzip_vc1020.cnf
0.011044,0.011044,StatusType.SUCCESS,1282027545,51,instances/gzip_vc1041.cnf
0.011093,0.011093,StatusType.SUCCESS,457774255,51,instances/gzip_vc1041.cnf
0.011511,0.011511,StatusType.SUCCESS,2130245552,50,instances/gzip_vc1041.cnf
0.003289,0.003289,StatusType.SUCCESS,1195672662,52,instances/gzip_vc1013.cnf
0.030394,0.030394,StatusType.SUCCESS,467910855,50,instances/gzip_vc1038.cnf
0.01494,0.01494,StatusType.SUCCESS,1703301249,53,instances/gzip_vc1018.cnf
0.019418,0.019418,StatusType.SUCCESS,1947874585,50,instances/gzip_vc1020.cnf
0.011641,0.011641,StatusType.SUCCESS,2130245552,54,instances/gzip_vc1041.cnf
0.015916,0.015916,StatusType.SUCCESS,1611035294,50,instances/gzip_vc1031.cnf
0.002854,0.002854,StatusType.SUCCESS,1287530423,55,instances/gzip_vc1013.cnf
0.015332,0.015332,StatusType.SUCCESS,1330438275,50,instances/gzip_vc1044.cnf
0.041124,0.041124,StatusType.SUCCESS,467910855,56,instances/gzip_vc1038.cnf
0.006485,0.006485,StatusType.SUCCESS,323457759,50,instances/gzip_vc1021.cnf
0.030299,0.030299,StatusType.SUCCESS,2143362693,57,instances/gzip_vc1038.cnf
0.002578,0.002578,StatusType.SUCCESS,1287530423,57,instances/gzip_vc1013.cnf
0.020916,0.020916,StatusType.SUCCESS,320883483,57,instances/gzip_vc1027.cnf
0.016459,0.016459,StatusType.SUCCESS,768092755,57,instances/gzip_vc1044.cnf
0.002413,0.002413,StatusType.SUCCESS,1687444137,57,instances/gzip_vc1013.cnf
0.013669,0.013669,StatusType.SUCCESS,1205532000,57,instances/gzip_vc1018.cnf
0.008096,0.008096,StatusType.SUCCESS,621042495,57,instances/gzip_vc1021.cnf
0.014069,0.014069,StatusType.SUCCESS,557132457,57,instances/gzip_vc1018.cnf
0.009274,0.009274,StatusType.SUCCESS,610401323,57,instances/gzip_vc1041.cnf
0.019835,0.019835,StatusType.SUCCESS,2138822019,57,instances/gzip_vc1044.cnf
0.017765,0.017765,StatusType.SUCCESS,1611035294,57,instances/gzip_vc1031.cnf
0.017188,0.017188,StatusType.SUCCESS,878115723,57,instances/gzip_vc1031.cnf
0.032973,0.032973,StatusType.SUCCESS,467910855,57,instances/gzip_vc1038.cnf
0.019417,0.019417,StatusType.SUCCESS,969127330,57,instances/gzip_vc1020.cnf
0.022552,0.022552,StatusType.SUCCESS,537390900,57,instances/gzip_vc1027.cnf
0.001909,0.001909,StatusType.SUCCESS,995157433,50,instances/gzip_vc1013.cnf
0.017711,0.017711,StatusType.SUCCESS,1050945107,58,instances/gzip_vc1031.cnf
0.015624,0.015624,StatusType.SUCCESS,116213680,58,instances/gzip_vc1031.cnf
0.020292,0.020292,StatusType.SUCCESS,1298508491,58,instances/gzip_vc1044.cnf
0.00335,0.00335,StatusType.SUCCESS,545218098,50,instances/gzip_vc1012.cnf
0.002493,0.002493,StatusType.SUCCESS,1925045143,59,instances/gzip_vc1013.cnf
0.003148,0.003148,StatusType.SUCCESS,732152370,59,instances/gzip_vc1012.cnf
0.0327,0.0327,StatusType.SUCCESS,467910855,59,instances/gzip_vc1038.cnf
0.014231,0.014231,StatusType.SUCCESS,1340816293,50,instances/gzip_vc1018.cnf
0.015691,0.015691,StatusType.SUCCESS,1611035294,60,instances/gzip_vc1031.cnf
0.006766,0.006766,StatusType.SUCCESS,1704103302,60,instances/gzip_vc1021.cnf
0.001875,0.001875,StatusType.SUCCESS,1195672662,60,instances/gzip_vc1013.cnf
0.039534,0.039534,StatusType.SUCCESS,1413675217,60,instances/gzip_vc1027.cnf
0.003355,0.003355,StatusType.SUCCESS,1695977848,60,instances/gzip_vc1012.cnf
0.045729,0.045729,StatusType.SUCCESS,315770200,60,instances/gzip_vc1027.cnf
0.0019,0.0019,StatusType.SUCCESS,783916649,50,instances/gzip_vc1013.cnf
0.013554,0.013554,StatusType.SUCCESS,1289917162,61,instances/gzip_vc1018.cnf
0.031337,0.031337,StatusType.SUCCESS,1837452888,50,instances/gzip_vc1038.cnf
0.015893,0.015893,StatusType.SUCCESS,2130245552,62,instances/gzip_vc1041.cnf
0.030935,0.030935,StatusType.SUCCESS,312429629,50,instances/gzip_vc1027.cnf
0.016302,0.016302,StatusType.SUCCESS,1947874585,63,instances/gzip_vc1020.cnf
0.009289,0.009289,StatusType.SUCCESS,1104314680,63,instances/gzip_vc1041.cnf
0.015228,0.015228,StatusType.SUCCESS,1319006753,63,instances/gzip_vc1018.cnf
0.007813,0.007813,StatusType.SUCCESS,44500126,63,instances/gzip_vc1021.cnf
0.003347,0.003347,StatusType.SUCCESS,1695977848,63,instances/gzip_vc1012.cnf
0.017766,0.017766,StatusType.SUCCESS,2138822019,63,instances/gzip_vc1044.cnf
0.030906,0.030906,StatusType.SUCCESS,467910855,63,instances/gzip_vc1038.cnf
0.034147,0.034147,StatusType.SUCCESS,324139549,63,instances/gzip_vc1038.cnf
0.002174,0.002174,StatusType.SUCCESS,783916649,63,instances/gzip_vc1013.cnf
0.023115,0.023115,StatusType.SUCCESS,1413675217,63,instances/gzip_vc1027.cnf
0.019078,0.019078,StatusType.SUCCESS,170439343,63,instances/gzip_vc1044.cnf
0.015427,0.015427,StatusType.SUCCESS,710413845,63,instances/gzip_vc1031.cnf
0.015658,0.015658,StatusType.SUCCESS,1611035294,63,instances/gzip_vc1031.cnf
0.00841,0.00841,StatusType.SUCCESS,513621141,63,instances/gzip_vc1021.cnf
0.015888,0.015888,StatusType.SUCCESS,969127330,63,instances/gzip_vc1020.cnf
0.006152,0.006152,StatusType.SUCCESS,621042495,63,instances/gzip_vc1021.cnf
0.03028,0.03028,StatusType.SUCCESS,992203680,63,instances/gzip_vc1038.cnf
0.017245,0.017245,StatusType.SUCCESS,538242005,63,instances/gzip_vc1031.cnf
0.003216,0.003216,StatusType.SUCCESS,732152370,63,instances/gzip_vc1012.cnf
0.015989,0.015989,StatusType.SUCCESS,878115723,63,instances/gzip_vc1031.cnf
0.029079,0.029079,StatusType.SUCCESS,1837452888,63,instances/gzip_vc1038.cnf
0.013575,0.013575,StatusType.SUCCESS,1703301249,63,instances/gzip_vc1018.cnf
0.015616,0.015616,StatusType.SUCCESS,116213680,63,instances/gzip_vc1031.cnf
0.015243,0.015243,StatusType.SUCCESS,557132457,63,instances/gzip_vc1018.cnf
0.012517,0.012517,StatusType.SUCCESS,1340816293,63,instances/gzip_vc1018.cnf
0.001999,0.001999,StatusType.SUCCESS,1687444137,63,instances/gzip_vc1013.cnf
0.020028,0.020028,StatusType.SUCCESS,852851176,63,instances/gzip_vc1020.cnf
0.006295,0.006295,StatusType.SUCCESS,1704103302,63,instances/gzip_vc1021.cnf
0.015907,0.015907,StatusType.SUCCESS,1050945107,63,instances/gzip_vc1031.cnf
0.002472,0.002472,StatusType.SUCCESS,592003168,63,instances/gzip_vc1013.cnf
0.013656,0.013656,StatusType.SUCCESS,1205532000,63,instances/gzip_vc1018.cnf
0.018433,0.018433,StatusType.SUCCESS,1298508491,63,instances/gzip_vc1044.cnf
0.006099,0.006099,StatusType.SUCCESS,1857983374,63,instances/gzip_vc1021.cnf
0.003138,0.003138,StatusType.SUCCESS,259974304,63,instances/gzip_vc1012.cnf
0.029258,0.029258,StatusType.SUCCESS,1208933503,63,instances/gzip_vc1038.cnf
0.022795,0.022795,StatusType.SUCCESS,315770200,63,instances/gzip_vc1027.cnf
0.021087,0.021087,StatusType.SUCCESS,1960903859,63,instances/gzip_vc1027.cnf
0.017524,0.017524,StatusType.SUCCESS,399713351,63,instances/gzip_vc1020.cnf
0.00429,0.00429,StatusType.SUCCESS,262150548,63,instances/gzip_vc1012.cnf
0.002128,0.002128,StatusType.SUCCESS,1925045143,63,instances/gzip_vc1013.cnf
0.011794,0.011794,StatusType.SUCCESS,1289917162,63,instances/gzip_vc1018.cnf
0.009365,0.009365,StatusType.SUCCESS,457774255,63,instances/gzip_vc1041.cnf
0.002463,0.002463,StatusType.SUCCESS,995157433,63,instances/gzip_vc1013.cnf
0.004237,0.004237,StatusType.SUCCESS,545218098,63,instances/gzip_vc1012.cnf
0.023153,0.023153,StatusType.SUCCESS,537390900,63,instances/gzip_vc1027.cnf
0.011397,0.011397,StatusType.SUCCESS,1282027545,63,instances/gzip_vc1041.cnf
0.023167,0.023167,StatusType.SUCCESS,320883483,63,instances/gzip_vc1027.cnf
0.015826,0.015826,StatusType.SUCCESS,1330438275,63,instances/gzip_vc1044.cnf
0.015606,0.015606,StatusType.SUCCESS,2083982612,63,instances/gzip_vc1044.cnf
0.022448,0.022448,StatusType.SUCCESS,312429629,63,instances/gzip_vc1027.cnf
0.006293,0.006293,StatusType.SUCCESS,323457759,63,instances/gzip_vc1021.cnf
0.016375,0.016375,StatusType.SUCCESS,768092755,63,instances/gzip_vc1044.cnf
0.028654,0.028654,StatusType.SUCCESS,1638222925,63,instances/gzip_vc1038.cnf
0.017965,0.017965,StatusType.SUCCESS,438667483,63,instances/gzip_vc1020.cnf
0.002204,0.002204,StatusType.SUCCESS,1195672662,63,instances/gzip_vc1013.cnf
0.010996,0.010996,StatusType.SUCCESS,1029125567,63,instances/gzip_vc1041.cnf
0.01597,0.01597,StatusType.SUCCESS,2051782562,63,instances/gzip_vc1020.cnf
0.022291,0.022291,StatusType.SUCCESS,1909519948,63,instances/gzip_vc1027.cnf
0.010995,0.010995,StatusType.SUCCESS,610401323,63,instances/gzip_vc1041.cnf
0.004231,0.004231,StatusType.SUCCESS,1179591951,63,instances/gzip_vc1012.cnf
0.030269,0.030269,StatusType.SUCCESS,2143362693,63,instances/gzip_vc1038.cnf
0.009149,0.009149,StatusType.SUCCESS,2130245552,63,instances/gzip_vc1041.cnf
0.00248,0.00248,StatusType.SUCCESS,1287530423,63,instances/gzip_vc1013.cnf
0.015751,0.015751,StatusType.SUCCESS,1643521582,63,instances/gzip_vc1031.cnf
0.004477,0.004477,StatusType.SUCCESS,1179591951,64,instances/gzip_vc1012.cnf
0.0176,0.0176,StatusType.SUCCESS,1118919370,63,instances/gzip_vc1044.cnf
0.015644,0.015644,StatusType.SUCCESS,710413845,65,instances/gzip_vc1031.cnf
0.011001,0.011001,StatusType.SUCCESS,1409223077,63,instances/gzip_vc1041.cnf
0.017498,0.017498,StatusType.SUCCESS,2051782562,66,instances/gzip_vc1020.cnf
0.018131,0.018131,StatusType.SUCCESS,569563979,63,instances/gzip_vc1020.cnf
0.015708,0.015708,StatusType.SUCCESS,569563979,67,instances/gzip_vc1020.cnf
0.025262,0.025262,StatusType.SUCCESS,320883483,67,instances/gzip_vc1027.cnf
0.006304,0.006304,StatusType.SUCCESS,1857983374,67,instances/gzip_vc1021.cnf
0.00247,0.00247,StatusType.SUCCESS,995157433,67,instances/gzip_vc1013.cnf
0.014577,0.014577,StatusType.SUCCESS,1340816293,67,instances/gzip_vc1018.cnf
0.00219,0.00219,StatusType.SUCCESS,1925045143,67,instances/gzip_vc1013.cnf
0.015732,0.015732,StatusType.SUCCESS,399713351,67,instances/gzip_vc1020.cnf
0.00806,0.00806,StatusType.SUCCESS,1118422521,63,instances/gzip_vc1021.cnf
0.015577,0.015577,StatusType.SUCCESS,1643521582,68,instances/gzip_vc1031.cnf
0.017494,0.017494,StatusType.SUCCESS,2051782562,68,instances/gzip_vc1020.cnf
0.033001,0.033001,StatusType.SUCCESS,992203680,68,instances/gzip_vc1038.cnf
0.003165,0.003165,StatusType.SUCCESS,1662037654,63,instances/gzip_vc1012.cnf
0.01698,0.01698,StatusType.SUCCESS,710413845,69,instances/gzip_vc1031.cnf
0.012002,0.012002,StatusType.SUCCESS,2005097656,63,instances/gzip_vc1018.cnf
0.021731,0.021731,StatusType.SUCCESS,315770200,70,instances/gzip_vc1027.cnf
0.015733,0.015733,StatusType.SUCCESS,1330438275,70,instances/gzip_vc1044.cnf
0.029487,0.029487,StatusType.SUCCESS,1837452888,70,instances/gzip_vc1038.cnf
0.001944,0.001944,StatusType.SUCCESS,995157433,70,instances/gzip_vc1013.cnf
0.017898,0.017898,StatusType.SUCCESS,1947874585,70,instances/gzip_vc1020.cnf
0.012597,0.012597,StatusType.SUCCESS,1340816293,70,instances/gzip_vc1018.cnf
0.01742,0.01742,StatusType.SUCCESS,116213680,70,instances/gzip_vc1031.cnf
0.015845,0.015845,StatusType.SUCCESS,433643913,63,instances/gzip_vc1020.cnf
0.02509,0.02509,StatusType.SUCCESS,768092755,71,instances/gzip_vc1044.cnf
0.008135,0.008135,StatusType.SUCCESS,950838222,63,instances/gzip_vc1021.cnf
