INSTANCE_ID, nvarsOrig, nclausesOrig, nvars, nclauses, reducedVars, reducedClauses, vars_clauses_ratio, POSNEG_RATIO_CLAUSE_mean, POSNEG_RATIO_CLAUSE_coeff_variation, POSNEG_RATIO_CLAUSE_min, POSNEG_RATIO_CLAUSE_max, POSNEG_RATIO_CLAUSE_entropy, VCG_CLAUSE_mean, VCG_CLAUSE_coeff_variation, VCG_CLAUSE_min, VCG_CLAUSE_max, VCG_CLAUSE_entropy, UNARY, BINARYp, TRINARYp, VCG_VAR_mean, VCG_VAR_coeff_variation, VCG_VAR_min, VCG_VAR_max, VCG_VAR_entropy, POSNEG_RATIO_VAR_mean, POSNEG_RATIO_VAR_stdev, POSNEG_RATIO_VAR_min, POSNEG_RATIO_VAR_max, POSNEG_RATIO_VAR_entropy, HORNY_VAR_mean, HORNY_VAR_coeff_variation, HORNY_VAR_min, HORNY_VAR_max, HORNY_VAR_entropy, horn_clauses_fraction, VG_mean, VG_coeff_variation, VG_min, VG_max, CG_mean, CG_coeff_variation, CG_min, CG_max, CG_entropy, cluster_coeff_mean, cluster_coeff_coeff_variation, cluster_coeff_min, cluster_coeff_max, cluster_coeff_entropy, DIAMETER_mean, DIAMETER_coeff_variation, DIAMETER_min, DIAMETER_max, DIAMETER_entropy, cl_num_mean, cl_num_coeff_variation, cl_num_min, cl_num_max, cl_num_q90, cl_num_q10, cl_num_q75, cl_num_q25, cl_num_q50, cl_size_mean, cl_size_coeff_variation, cl_size_min, cl_size_max, cl_size_q90, cl_size_q10, cl_size_q75, cl_size_q25, cl_size_q50, SP_bias_mean, SP_bias_coeff_variation, SP_bias_min, SP_bias_max, SP_bias_q90, SP_bias_q10, SP_bias_q75, SP_bias_q25, SP_bias_q50, SP_unconstraint_mean, SP_unconstraint_coeff_variation, SP_unconstraint_min, SP_unconstraint_max, SP_unconstraint_q90, SP_unconstraint_q10, SP_unconstraint_q75, SP_unconstraint_q25, SP_unconstraint_q50, vars_reduced_depth_1, vars_reduced_depth_4, vars_reduced_depth_16, vars_reduced_depth_64, vars_reduced_depth_256, LP_OBJ, LPSLack_mean, LPSLack_coeff_variation, LPSLack_min, LPSLack_max, lpIntRatio, saps_BestSolution_Mean, saps_BestSolution_CoeffVariance, saps_FirstLocalMinStep_Mean, saps_FirstLocalMinStep_CoeffVariance, saps_FirstLocalMinStep_Median, saps_FirstLocalMinStep_Q10, saps_FirstLocalMinStep_Q90, saps_BestAvgImprovement_Mean, saps_BestAvgImprovement_CoeffVariance, saps_FirstLocalMinRatio_Mean, saps_FirstLocalMinRatio_CoeffVariance, gsat_BestSolution_Mean, gsat_BestSolution_CoeffVariance, gsat_FirstLocalMinStep_Mean, gsat_FirstLocalMinStep_CoeffVariance, gsat_FirstLocalMinStep_Median, gsat_FirstLocalMinStep_Q10, gsat_FirstLocalMinStep_Q90, gsat_BestAvgImprovement_Mean, gsat_BestAvgImprovement_CoeffVariance, gsat_FirstLocalMinRatio_Mean, gsat_FirstLocalMinRatio_CoeffVariance, lobjois_mean_depth_over_vars, lobjois_log_num_nodes_over_vars, Pre_featuretime, Basic_featuretime, KLB_featuretime, CG_featuretime, DIAMETER_featuretime, cl_featuretime, sp_featuretime, unit_featuretime, lpTIME, ls_saps_featuretime, ls_gsat_featuretime, lobjois_featuretime
instances/gzip_vc1011.cnf, 132.0, 198.0, 0.0, 0.0, -512.0, -512.0, -512.0, 0.0, 0.0, 0.0, 0.0, 0.0, 0.0, 0.0, 0.0, 0.0, 0.0, -512.0, -512.0, -512.0, 0.0, 0.0, 0.0, 0.0, 0.0, 0.0, 0.0, 0.0, 0.0, 0.0, 0.0, 0.0, 0.0, 0.0, 0.0, -512.0, 0.0, 0.0, 0.0, 0.0, 0.0, 0.0, 0.0, 0.0, 0.0, 0.0, 0.0, 0.0, 0.0, 0.0, 0.0, 0.0, 0.0, 0.0, -512.0, 0.0, 0.0, 0.0, 0.0, -512.0, -512.0, -512.0, -512.0, -512.0, 0.0, 0.0, 0.0, 0.0, -512.0, -512.0, -512.0, -512.0, -512.0, 0.0, 0.0, 0.0, 0.0, -512.0, -512.0, -512.0, -512.0, -512.0, 0.0, 0.0, 0.0, 0.0, -512.0, -512.0, -512.0, -512.0, -512.0, -512.0, -512.0, -512.0, -512.0, -512.0, -512.0, 0.0, 0.0, 0.0, 0.0, -512.0, -512.0, -512.0, -512.0, -512.0, -512.0, -512.0, -512.0, -512.0, -512.0, -512.0, -512.0, -512.0, -512.0, -512.0, -512.0, -512.0, -512.0, -512.0, -512.0, -512.0, -512.0, -512.0, -512.0, -512.0, 0.0, 0.0, 0.0, 0.0, -512.0, -512.0, -512.0, -512.0, 0.0, -512.0, -512.0, -512.0
instances/gzip_vc1014.cnf, 367.0, 587.0, 0.0, 0.0, -512.0, -512.0, -512.0, 0.0, 0.0, 0.0, 0.0, 0.0, 0.0, 0.0, 0.0, 0.0, 0.0, -512.0, -512.0, -512.0, 0.0, 0.0, 0.0, 0.0, 0.0, 0.0, 0.0, 0.0, 0.0, 0.0, 0.0, 0.0, 0.0, 0.0, 0.0, -512.0, 0.0, 0.0, 0.0, 0.0, 0.0, 0.0, 0.0, 0.0, 0.0, 0.0, 0.0, 0.0, 0.0, 0.0, 0.0, 0.0, 0.0, 0.0, -512.0, 0.0, 0.0, 0.0, 0.0, -512.0, -512.0, -512.0, -512.0, -512.0, 0.0, 0.0, 0.0, 0.0, -512.0, -512.0, -512.0, -512.0, -512.0, 0.0, 0.0, 0.0, 0.0, -512.0, -512.0, -512.0, -512.0, -512.0, 0.0, 0.0, 0.0, 0.0, -512.0, -512.0, -512.0, -512.0, -512.0, -512.0, -512.0, -512.0, -512.0, -512.0, -512.0, 0.0, 0.0, 0.0, 0.0, -512.0, -512.0, -512.0, -512.0, -512.0, -512.0, -512.0, -512.0, -512.0, -512.0, -512.0, -512.0, -512.0, -512.0, -512.0, -512.0, -512.0, -512.0, -512.0, -512.0, -512.0, -512.0, -512.0, -512.0, -512.0, 0.0, 0.0, 0.0, 0.0, -512.0, -512.0, -512.0, -512.0, 0.0, -512.0, -512.0, -512.0
instances/gzip_vc1015.cnf, 1073.0, 2312.0, 0.0, 0.0, -512.0, -512.0, -512.0, 0.0, 0.0, 0.0, 0.0, 0.0, 0.0, 0.0, 0.0, 0.0, 0.0, -512.0, -512.0, -512.0, 0.0, 0.0, 0.0, 0.0, 0.0, 0.0, 0.0, 0.0, 0.0, 0.0, 0.0, 0.0, 0.0, 0.0, 0.0, -512.0, 0.0, 0.0, 0.0, 0.0, 0.0, 0.0, 0.0, 0.0, 0.0, 0.0, 0.0, 0.0, 0.0, 0.0, 0.0, 0.0, 0.0, 0.0, -512.0, 0.0, 0.0, 0.0, 0.0, -512.0, -512.0, -512.0, -512.0, -512.0, 0.0, 0.0, 0.0, 0.0, -512.0, -512.0, -512.0, -512.0, -512.0, 0.0, 0.0, 0.0, 0.0, -512.0, -512.0, -512.0, -512.0, -512.0, 0.0, 0.0, 0.0, 0.0, -512.0, -512.0, -512.0, -512.0, -512.0, -512.0, -512.0, -512.0, -512.0, -512.0, -512.0, 0.0, 0.0, 0.0, 0.0, -512.0, -512.0, -512.0, -512.0, -512.0, -512.0, -512.0, -512.0, -512.0, -512.0, -512.0, -512.0, -512.0, -512.0, -512.0, -512.0, -512.0, -512.0, -512.0, -512.0, -512.0, -512.0, -512.0, -512.0, -512.0, 0.01, 0.0, 0.0, 0.0, -512.0, -512.0, -512.0, -512.0, 0.0, -512.0, -512.0, -512.0
instances/gzip_vc1016.cnf, 1734.0, 3444.0, 0.0, 0.0, -512.0, -512.0, -512.0, 0.0, 0.0, 0.0, 0.0, -512.0, 0.0, 0.0, 0.0, 0.0, -512.0, -512.0, -512.0, -512.0, 0.0, 0.0, 0.0, 0.0, -512.0, 0.0, 0.0, 0.0, 0.0, -512.0, 0.0, 0.0, 0.0, 0.0, -512.0, -512.0, 0.0, 0.0, 0.0, 0.0, 0.0, 0.0, 0.0, 0.0, -512.0, 0.0, 0.0, 0.0, 0.0, -512.0, 0.0, 0.0, 0.0, 0.0, -512.0, 0.0, 0.0, 0.0, 0.0, -512.0, -512.0, -512.0, -512.0, -512.0, 0.0, 0.0, 0.0, 0.0, -512.0, -512.0, -512.0, -512.0, -512.0, 0.0, 0.0, 0.0, 0.0, -512.0, -512.0, -512.0, -512.0, -512.0, 0.0, 0.0, 0.0, 0.0, -512.0, -512.0, -512.0, -512.0, -512.0, -512.0, -512.0, -512.0, -512.0, -512.0, -512.0, 0.0, 0.0, 0.0, 0.0, -512.0, -512.0, -512.0, -512.0, -512.0, -512.0, -512.0, -512.0, -512.0, -512.0, -512.0, -512.0, -512.0, -512.0, -512.0, -512.0, -512.0, -512.0, -512.0, -512.0, -512.0, -512.0, -512.0, -512.0, -512.0, 0.0, -512.0, -512.0, -512.0, -512.0, -512.0, -512.0, -512.0, 0.0, -512.0, -512.0, -512.0
instances/gzip_vc1017.cnf, 3061.0, 6144.0, 65.0, 64.0, 46.092307692, 95.0, 1.015625, 0.5, 1.0, 0.0, 1.0, 0.693147181, 0.030769231, 0.0, 0.030769231, 0.030769231, 0.0, 0.0, 1.0, 1.0, 0.030769231, 3.9375, 0.015625, 1.0, 0.079487003, 0.984615385, 0.123076923, 0.0, 1.0, 0.079487003, 0.030769231, 3.9375, 0.015625, 1.0, 0.079487003, 1.0, 0.030769231, 3.9375, 0.015625, 1.0, 0.5, 0.0, 0.5, 0.5, 0.0, 0.060606061, 0.0, 0.060606061, 0.060606061, 0.0, 2.984375, 0.041556303, 2.0, 3.0, 0.080484837, 0.0, 0.0, 0.0, 0.0, 0.0, 0.0, 0.0, 0.0, 0.0, 0.0, 0.0, 0.0, 0.0, 0.0, 0.0, 0.0, 0.0, 0.0, 0.984615385, 0.125, 0.0, 1.0, 1.0, 1.0, 1.0, 1.0, 1.0, 0.746153846, 0.041237113, 0.5, 0.75, 0.75, 0.75, 0.75, 0.75, 0.75, 0.0, 0.0, 0.0, 0.015384615, 0.015384615, 0.0, 0.0, 0.0, 0.0, 0.0, 1.0, 0.0, 0.0, 15.8682, 0.148238, 16.0, 13.0, 19.0, 1.08147, 0.142346, 1.0, 0.0, 0.0, 0.0, 15.8865, 0.151294, 16.0, 13.0, 19.0, 1.08231, 0.146271, 1.0, 0.0, 1.0, 1.0, 0.04, 0.0, 0.0, 0.0, 0.0, 0.0, 0.0, 0.0, 0.0, 0.36, 0.32, 0.3
instances/gzip_vc1022.cnf, 5298.0, 11140.0, 0.0, 0.0, -512.0, -512.0, -512.0, 0.0, 0.0, 0.0, 0.0, 0.0, 0.0, 0.0, 0.0, 0.0, 0.0, -512.0, -512.0, -512.0, 0.0, 0.0, 0.0, 0.0, 0.0, 0.0, 0.0, 0.0, 0.0, 0.0, 0.0, 0.0, 0.0, 0.0, 0.0, -512.0, 0.0, 0.0, 0.0, 0.0, 0.0, 0.0, 0.0, 0.0, 0.0, 0.0, 0.0, 0.0, 0.0, 0.0, 0.0, 0.0, 0.0, 0.0, -512.0, 0.0, 0.0, 0.0, 0.0, -512.0, -512.0, -512.0, -512.0, -512.0, 0.0, 0.0, 0.0, 0.0, -512.0, -512.0, -512.0, -512.0, -512.0, 0.0, 0.0, 0.0, 0.0, -512.0, -512.0, -512.0, -512.0, -512.0, 0.0, 0.0, 0.0, 0.0, -512.0, -512.0, -512.0, -512.0, -512.0, -512.0, -512.0, -512.0, -512.0, -512.0, -512.0, 0.0, 0.0, 0.0, 0.0, -512.0, -512.0, -512.0, -512.0, -512.0, -512.0, -512.0, -512.0, -512.0, -512.0, -512.0, -512.0, -512.0, -512.0, -512.0, -512.0, -512.0, -512.0, -512.0, -512.0, -512.0, -512.0, -512.0, -512.0, -512.0, 0.05, 0.0, 0.0, 0.0, -512.0, -512.0, -512.0, -512.0, 0.0, -512.0, -512.0, -512.0
instances/gzip_vc1023.cnf, 5493.0, 11338.0, 0.0, 0.0, -512.0, -512.0, -512.0, 0.0, 0.0, 0.0, 0.0, 0.0, 0.0, 0.0, 0.0, 0.0, 0.0, -512.0, -512.0, -512.0, 0.0, 0.0, 0.0, 0.0, 0.0, 0.0, 0.0, 0.0, 0.0, 0.0, 0.0, 0.0, 0.0, 0.0, 0.0, -512.0, 0.0, 0.0, 0.0, 0.0, 0.0, 0.0, 0.0, 0.0, 0.0, 0.0, 0.0, 0.0, 0.0, 0.0, 0.0, 0.0, 0.0, 0.0, -512.0, 0.0, 0.0, 0.0, 0.0, -512.0, -512.0, -512.0, -512.0, -512.0, 0.0, 0.0, 0.0, 0.0, -512.0, -512.0, -512.0, -512.0, -512.0, 0.0, 0.0, 0.0, 0.0, -512.0, -512.0, -512.0, -512.0, -512.0, 0.0, 0.0, 0.0, 0.0, -512.0, -512.0, -512.0, -512.0, -512.0, -512.0, -512.0, -512.0, -512.0, -512.0, -512.0, 0.0, 0.0, 0.0, 0.0, -512.0, -512.0, -512.0, -512.0, -512.0, -512.0, -512.0, -512.0, -512.0, -512.0, -512.0, -512.0, -512.0, -512.0, -512.0, -512.0, -512.0, -512.0, -512.0, -512.0, -512.0, -512.0, -512.0, -512.0, -512.0, 0.05, 0.0, 0.0, 0.0, -512.0, -512.0, -512.0, -512.0, 0.0, -512.0, -512.0, -512.0
instances/gzip_vc1024.cnf, 5591.0, 11466.0, 0.0, 0.0, -512.0, -512.0, -512.0, 0.0, 0.0, 0.0, 0.0, 0.0, 0.0, 0.0, 0.0, 0.0, 0.0, -512.0, -512.0, -512.0, 0.0, 0.0, 0.0, 0.0, 0.0, 0.0, 0.0, 0.0, 0.0, 0.0, 0.0, 0.0, 0.0, 0.0, 0.0, -512.0, 0.0, 0.0, 0.0, 0.0, 0.0, 0.0, 0.0, 0.0, 0.0, 0.0, 0.0, 0.0, 0.0, 0.0, 0.0, 0.0, 0.0, 0.0, -512.0, 0.0, 0.0, 0.0, 0.0, -512.0, -512.0, -512.0, -512.0, -512.0, 0.0, 0.0, 0.0, 0.0, -512.0, -512.0, -512.0, -512.0, -512.0, 0.0, 0.0, 0.0, 0.0, -512.0, -512.0, -512.0, -512.0, -512.0, 0.0, 0.0, 0.0, 0.0, -512.0, -512.0, -512.0, -512.0, -512.0, -512.0, -512.0, -512.0, -512.0, -512.0, -512.0, 0.0, 0.0, 0.0, 0.0, -512.0, -512.0, -512.0, -512.0, -512.0, -512.0, -512.0, -512.0, -512.0, -512.0, -512.0, -512.0, -512.0, -512.0, -512.0, -512.0, -512.0, -512.0, -512.0, -512.0, -512.0, -512.0, -512.0, -512.0, -512.0, 0.05, 0.0, 0.0, 0.0, -512.0, -512.0, -512.0, -512.0, 0.0, -512.0, -512.0, -512.0
instances/gzip_vc1028.cnf, 6088.0, 12435.0, 65.0, 64.0, 92.661538462, 193.296875, 1.015625, 0.5, 1.0, 0.0, 1.0, 0.693147181, 0.030769231, 0.0, 0.030769231, 0.030769231, 0.0, 0.0, 1.0, 1.0, 0.030769231, 3.9375, 0.015625, 1.0, 0.079487003, 0.984615385, 0.123076923, 0.0, 1.0, 0.079487003, 0.030769231, 3.9375, 0.015625, 1.0, 0.079487003, 1.0, 0.030769231, 3.9375, 0.015625, 1.0, 0.5, 0.0, 0.5, 0.5, 0.0, 0.060606061, 0.0, 0.060606061, 0.060606061, 0.0, 2.984375, 0.041556303, 2.0, 3.0, 0.080484837, 0.0, 0.0, 0.0, 0.0, 0.0, 0.0, 0.0, 0.0, 0.0, 0.0, 0.0, 0.0, 0.0, 0.0, 0.0, 0.0, 0.0, 0.0, 0.984615385, 0.125, 0.0, 1.0, 1.0, 1.0, 1.0, 1.0, 1.0, 0.746153846, 0.041237113, 0.5, 0.75, 0.75, 0.75, 0.75, 0.75, 0.75, 0.0, 0.0, 0.0, 0.015384615, 0.015384615, 0.0, 0.0, 0.0, 0.0, 0.0, 1.0, 0.0, 0.0, 15.8568, 0.150502, 16.0, 13.0, 19.0, 1.08133, 0.146239, 1.0, 0.0, 0.0, 0.0, 15.8563, 0.14957, 16.0, 13.0, 19.0, 1.08517, 0.149098, 1.0, 0.0, 1.0, 1.0, 0.06, 0.0, 0.0, 0.0, 0.0, 0.0, 0.0, 0.0, 0.0, 0.36, 0.33, 0.31
instances/gzip_vc1030.cnf, 6058.0, 12409.0, 0.0, 0.0, -512.0, -512.0, -512.0, 0.0, 0.0, 0.0, 0.0, -512.0, 0.0, 0.0, 0.0, 0.0, -512.0, -512.0, -512.0, -512.0, 0.0, 0.0, 0.0, 0.0, -512.0, 0.0, 0.0, 0.0, 0.0, -512.0, 0.0, 0.0, 0.0, 0.0, -512.0, -512.0, 0.0, 0.0, 0.0, 0.0, 0.0, 0.0, 0.0, 0.0, -512.0, 0.0, 0.0, 0.0, 0.0, -512.0, 0.0, 0.0, 0.0, 0.0, -512.0, 0.0, 0.0, 0.0, 0.0, -512.0, -512.0, -512.0, -512.0, -512.0, 0.0, 0.0, 0.0, 0.0, -512.0, -512.0, -512.0, -512.0, -512.0, 0.0, 0.0, 0.0, 0.0, -512.0, -512.0, -512.0, -512.0, -512.0, 0.0, 0.0, 0.0, 0.0, -512.0, -512.0, -512.0, -512.0, -512.0, -512.0, -512.0, -512.0, -512.0, -512.0, -512.0, 0.0, 0.0, 0.0, 0.0, -512.0, -512.0, -512.0, -512.0, -512.0, -512.0, -512.0, -512.0, -512.0, -512.0, -512.0, -512.0, -512.0, -512.0, -512.0, -512.0, -512.0, -512.0, -512.0, -512.0, -512.0, -512.0, -512.0, -512.0, -512.0, 0.01, -512.0, -512.0, -512.0, -512.0, -512.0, -512.0, -512.0, 0.0, -512.0, -512.0, -512.0
instances/gzip_vc1012.cnf, 779.0, 1367.0, 0.0, 0.0, -512.0, -512.0, -512.0, 0.0, 0.0, 0.0, 0.0, 0.0, 0.0, 0.0, 0.0, 0.0, 0.0, -512.0, -512.0, -512.0, 0.0, 0.0, 0.0, 0.0, 0.0, 0.0, 0.0, 0.0, 0.0, 0.0, 0.0, 0.0, 0.0, 0.0, 0.0, -512.0, 0.0, 0.0, 0.0, 0.0, 0.0, 0.0, 0.0, 0.0, 0.0, 0.0, 0.0, 0.0, 0.0, 0.0, 0.0, 0.0, 0.0, 0.0, -512.0, 0.0, 0.0, 0.0, 0.0, -512.0, -512.0, -512.0, -512.0, -512.0, 0.0, 0.0, 0.0, 0.0, -512.0, -512.0, -512.0, -512.0, -512.0, 0.0, 0.0, 0.0, 0.0, -512.0, -512.0, -512.0, -512.0, -512.0, 0.0, 0.0, 0.0, 0.0, -512.0, -512.0, -512.0, -512.0, -512.0, -512.0, -512.0, -512.0, -512.0, -512.0, -512.0, 0.0, 0.0, 0.0, 0.0, -512.0, -512.0, -512.0, -512.0, -512.0, -512.0, -512.0, -512.0, -512.0, -512.0, -512.0, -512.0, -512.0, -512.0, -512.0, -512.0, -512.0, -512.0, -512.0, -512.0, -512.0, -512.0, -512.0, -512.0, -512.0, 0.0, 0.0, 0.0, 0.0, -512.0, -512.0, -512.0, -512.0, 0.0, -512.0, -512.0, -512.0
instances/gzip_vc1013.cnf, 332.0, 533.0, 0.0, 0.0, -512.0, -512.0, -512.0, 0.0, 0.0, 0.0, 0.0, 0.0, 0.0, 0.0, 0.0, 0.0, 0.0, -512.0, -512.0, -512.0, 0.0, 0.0, 0.0, 0.0, 0.0, 0.0, 0.0, 0.0, 0.0, 0.0, 0.0, 0.0, 0.0, 0.0, 0.0, -512.0, 0.0, 0.0, 0.0, 0.0, 0.0, 0.0, 0.0, 0.0, 0.0, 0.0, 0.0, 0.0, 0.0, 0.0, 0.0, 0.0, 0.0, 0.0, -512.0, 0.0, 0.0, 0.0, 0.0, -512.0, -512.0, -512.0, -512.0, -512.0, 0.0, 0.0, 0.0, 0.0, -512.0, -512.0, -512.0, -512.0, -512.0, 0.0, 0.0, 0.0, 0.0, -512.0, -512.0, -512.0, -512.0, -512.0, 0.0, 0.0, 0.0, 0.0, -512.0, -512.0, -512.0, -512.0, -512.0, -512.0, -512.0, -512.0, -512.0, -512.0, -512.0, 0.0, 0.0, 0.0, 0.0, -512.0, -512.0, -512.0, -512.0, -512.0, -512.0, -512.0, -512.0, -512.0, -512.0, -512.0, -512.0, -512.0, -512.0, -512.0, -512.0, -512.0, -512.0, -512.0, -512.0, -512.0, -512.0, -512.0, -512.0, -512.0, 0.0, 0.0, 0.0, 0.0, -512.0, -512.0, -512.0, -512.0, 0.0, -512.0, -512.0, -512.0
instances/gzip_vc1018.cnf, 3836.0, 7756.0, 65.0, 64.0, 58.015384615, 120.1875, 1.015625, 0.5, 1.0, 0.0, 1.0, 0.693147181, 0.030769231, 0.0, 0.030769231, 0.030769231, 0.0, 0.0, 1.0, 1.0, 0.030769231, 3.9375, 0.015625, 1.0, 0.079487003, 0.984615385, 0.123076923, 0.0, 1.0, 0.079487003, 0.030769231, 3.9375, 0.015625, 1.0, 0.079487003, 1.0, 0.030769231, 3.9375, 0.015625, 1.0, 0.5, 0.0, 0.5, 0.5, 0.0, 0.060606061, 0.0, 0.060606061, 0.060606061, 0.0, 2.984375, 0.041556303, 2.0, 3.0, 0.080484837, 0.0, 0.0, 0.0, 0.0, 0.0, 0.0, 0.0, 0.0, 0.0, 0.0, 0.0, 0.0, 0.0, 0.0, 0.0, 0.0, 0.0, 0.0, 0.984615385, 0.125, 0.0, 1.0, 1.0, 1.0, 1.0, 1.0, 1.0, 0.746153846, 0.041237113, 0.5, 0.75, 0.75, 0.75, 0.75, 0.75, 0.75, 0.0, 0.0, 0.0, 0.015384615, 0.015384615, 0.0, 0.0, 0.0, 0.0, 0.0, 1.0, 0.0, 0.0, 15.8629, 0.147221, 16.0, 13.0, 19.0, 1.08139, 0.144846, 1.0, 0.0, 0.0, 0.0, 15.8305, 0.148767, 16.0, 13.0, 19.0, 1.0838, 0.1467, 1.0, 0.0, 1.0, 1.0, 0.04, 0.0, 0.0, 0.0, 0.0, 0.0, 0.0, 0.0, 0.0, 0.36, 0.32, 0.3
instances/gzip_vc1020.cnf, 4838.0, 9858.0, 65.0, 64.0, 73.430769231, 153.03125, 1.015625, 0.5, 1.0, 0.0, 1.0, 0.693147181, 0.030769231, 0.0, 0.030769231, 0.030769231, 0.0, 0.0, 1.0, 1.0, 0.030769231, 3.9375, 0.015625, 1.0, 0.079487003, 0.984615385, 0.123076923, 0.0, 1.0, 0.079487003, 0.030769231, 3.9375, 0.015625, 1.0, 0.079487003, 1.0, 0.030769231, 3.9375, 0.015625, 1.0, 0.5, 0.0, 0.5, 0.5, 0.0, 0.060606061, 0.0, 0.060606061, 0.060606061, 0.0, 2.984375, 0.041556303, 2.0, 3.0, 0.080484837, 0.0, 0.0, 0.0, 0.0, 0.0, 0.0, 0.0, 0.0, 0.0, 0.0, 0.0, 0.0, 0.0, 0.0, 0.0, 0.0, 0.0, 0.0, 0.984615385, 0.125, 0.0, 1.0, 1.0, 1.0, 1.0, 1.0, 1.0, 0.746153846, 0.041237113, 0.5, 0.75, 0.75, 0.75, 0.75, 0.75, 0.75, 0.0, 0.0, 0.0, 0.015384615, 0.015384615, 0.0, 0.0, 0.0, 0.0, 0.0, 1.0, 0.0, 0.0, 15.8464, 0.149546, 16.0, 13.0, 19.0, 1.08573, 0.150284, 1.0, 0.0, 0.0, 0.0, 15.8832, 0.149509, 16.0, 13.0, 19.0, 1.08447, 0.148311, 1.0, 0.0, 1.0, 1.0, 0.04, 0.0, 0.0, 0.0, 0.0, 0.0, 0.0, 0.0, 0.01, 0.36, 0.33, 0.3
instances/gzip_vc1021.cnf, 1695.0, 3396.0, 65.0, 64.0, 25.076923077, 52.0625, 1.015625, 0.5, 1.0, 0.0, 1.0, 0.693147181, 0.030769231, 0.0, 0.030769231, 0.030769231, 0.0, 0.0, 1.0, 1.0, 0.030769231, 3.9375, 0.015625, 1.0, 0.079487003, 0.984615385, 0.123076923, 0.0, 1.0, 0.079487003, 0.030769231, 3.9375, 0.015625, 1.0, 0.079487003, 1.0, 0.030769231, 3.9375, 0.015625, 1.0, 0.5, 0.0, 0.5, 0.5, 0.0, 0.060606061, 0.0, 0.060606061, 0.060606061, 0.0, 2.984375, 0.041556303, 2.0, 3.0, 0.080484837, 0.0, 0.0, 0.0, 0.0, 0.0, 0.0, 0.0, 0.0, 0.0, 0.0, 0.0, 0.0, 0.0, 0.0, 0.0, 0.0, 0.0, 0.0, 0.984615385, 0.125, 0.0, 1.0, 1.0, 1.0, 1.0, 1.0, 1.0, 0.746153846, 0.041237113, 0.5, 0.75, 0.75, 0.75, 0.75, 0.75, 0.75, 0.0, 0.0, 0.0, 0.015384615, 0.015384615, 0.0, 0.0, 0.0, 0.0, 0.0, 1.0, 0.0, 0.0, 15.8543, 0.148923, 16.0, 13.0, 19.0, 1.08442, 0.146589, 1.0, 0.0, 0.0, 0.0, 15.8646, 0.14866, 16.0, 13.0, 19.0, 1.08512, 0.146081, 1.0, 0.0, 1.0, 1.0, 0.01, 0.0, 0.0, 0.0, 0.0, 0.01, 0.0, 0.0, 0.0, 0.36, 0.32, 0.3
instances/gzip_vc1027.cnf, 7050.0, 14573.0, 65.0, 64.0, 107.461538462, 226.703125, 1.015625, 0.5, 1.0, 0.0, 1.0, 0.693147181, 0.030769231, 0.0, 0.030769231, 0.030769231, 0.0, 0.0, 1.0, 1.0, 0.030769231, 3.9375, 0.015625, 1.0, 0.079487003, 0.984615385, 0.123076923, 0.0, 1.0, 0.079487003, 0.030769231, 3.9375, 0.015625, 1.0, 0.079487003, 1.0, 0.030769231, 3.9375, 0.015625, 1.0, 0.5, 0.0, 0.5, 0.5, 0.0, 0.060606061, 0.0, 0.060606061, 0.060606061, 0.0, 2.984375, 0.041556303, 2.0, 3.0, 0.080484837, 0.0, 0.0, 0.0, 0.0, 0.0, 0.0, 0.0, 0.0, 0.0, 0.0, 0.0, 0.0, 0.0, 0.0, 0.0, 0.0, 0.0, 0.0, 0.984615385, 0.125, 0.0, 1.0, 1.0, 1.0, 1.0, 1.0, 1.0, 0.746153846, 0.041237113, 0.5, 0.75, 0.75, 0.75, 0.75, 0.75, 0.75, 0.0, 0.0, 0.0, 0.015384615, 0.015384615, 0.0, 0.0, 0.0, 0.0, 0.0, 1.0, 0.0, 0.0, 15.8438, 0.146947, 16.0, 13.0, 19.0, 1.08225, 0.144435, 1.0, 0.0, 0.0, 0.0, 15.9029, 0.145696, 16.0, 13.0, 19.0, 1.08186, 0.143137, 1.0, 0.0, 1.0, 1.0, 0.09, 0.0, 0.0, 0.0, 0.0, 0.0, 0.0, 0.0, 0.0, 0.37, 0.32, 0.3
instances/gzip_vc1031.cnf, 6292.0, 12813.0, 0.0, 0.0, -512.0, -512.0, -512.0, 0.0, 0.0, 0.0, 0.0, -512.0, 0.0, 0.0, 0.0, 0.0, -512.0, -512.0, -512.0, -512.0, 0.0, 0.0, 0.0, 0.0, -512.0, 0.0, 0.0, 0.0, 0.0, -512.0, 0.0, 0.0, 0.0, 0.0, -512.0, -512.0, 0.0, 0.0, 0.0, 0.0, 0.0, 0.0, 0.0, 0.0, -512.0, 0.0, 0.0, 0.0, 0.0, -512.0, 0.0, 0.0, 0.0, 0.0, -512.0, 0.0, 0.0, 0.0, 0.0, -512.0, -512.0, -512.0, -512.0, -512.0, 0.0, 0.0, 0.0, 0.0, -512.0, -512.0, -512.0, -512.0, -512.0, 0.0, 0.0, 0.0, 0.0, -512.0, -512.0, -512.0, -512.0, -512.0, 0.0, 0.0, 0.0, 0.0, -512.0, -512.0, -512.0, -512.0, -512.0, -512.0, -512.0, -512.0, -512.0, -512.0, -512.0, 0.0, 0.0, 0.0, 0.0, -512.0, -512.0, -512.0, -512.0, -512.0, -512.0, -512.0, -512.0, -512.0, -512.0, -512.0, -512.0, -512.0, -512.0, -512.0, -512.0, -512.0, -512.0, -512.0, -512.0, -512.0, -512.0, -512.0, -512.0, -512.0, 0.01, -512.0, -512.0, -512.0, -512.0, -512.0, -512.0, -512.0, 0.0, -512.0, -512.0, -512.0
instances/gzip_vc1038.cnf, 8411.0, 17728.0, 0.0, 0.0, -512.0, -512.0, -512.0, 0.0, 0.0, 0.0, 0.0, 0.0, 0.0, 0.0, 0.0, 0.0, 0.0, -512.0, -512.0, -512.0, 0.0, 0.0, 0.0, 0.0, 0.0, 0.0, 0.0, 0.0, 0.0, 0.0, 0.0, 0.0, 0.0, 0.0, 0.0, -512.0, 0.0, 0.0, 0.0, 0.0, 0.0, 0.0, 0.0, 0.0, 0.0, 0.0, 0.0, 0.0, 0.0, 0.0, 0.0, 0.0, 0.0, 0.0, -512.0, 0.0, 0.0, 0.0, 0.0, -512.0, -512.0, -512.0, -512.0, -512.0, 0.0, 0.0, 0.0, 0.0, -512.0, -512.0, -512.0, -512.0, -512.0, 0.0, 0.0, 0.0, 0.0, -512.0, -512.0, -512.0, -512.0, -512.0, 0.0, 0.0, 0.0, 0.0, -512.0, -512.0, -512.0, -512.0, -512.0, -512.0, -512.0, -512.0, -512.0, -512.0, -512.0, 0.0, 0.0, 0.0, 0.0, -512.0, -512.0, -512.0, -512.0, -512.0, -512.0, -512.0, -512.0, -512.0, -512.0, -512.0, -512.0, -512.0, -512.0, -512.0, -512.0, -512.0, -512.0, -512.0, -512.0, -512.0, -512.0, -512.0, -512.0, -512.0, 0.09, 0.0, 0.0, 0.0, -512.0, -512.0, -512.0, -512.0, 0.0, -512.0, -512.0, -512.0
instances/gzip_vc1041.cnf, 2699.0, 5515.0, 65.0, 64.0, 40.523076923, 85.171875, 1.015625, 0.5, 1.0, 0.0, 1.0, 0.693147181, 0.030769231, 0.0, 0.030769231, 0.030769231, 0.0, 0.0, 1.0, 1.0, 0.030769231, 3.9375, 0.015625, 1.0, 0.079487003, 0.984615385, 0.123076923, 0.0, 1.0, 0.079487003, 0.030769231, 3.9375, 0.015625, 1.0, 0.079487003, 1.0, 0.030769231, 3.9375, 0.015625, 1.0, 0.5, 0.0, 0.5, 0.5, 0.0, 0.060606061, 0.0, 0.060606061, 0.060606061, 0.0, 2.984375, 0.041556303, 2.0, 3.0, 0.080484837, 0.0, 0.0, 0.0, 0.0, 0.0, 0.0, 0.0, 0.0, 0.0, 0.0, 0.0, 0.0, 0.0, 0.0, 0.0, 0.0, 0.0, 0.0, 0.984615385, 0.125, 0.0, 1.0, 1.0, 1.0, 1.0, 1.0, 1.0, 0.746153846, 0.041237113, 0.5, 0.75, 0.75, 0.75, 0.75, 0.75, 0.75, 0.0, 0.0, 0.0, 0.015384615, 0.015384615, 0.0, 0.0, 0.0, 0.0, 0.0, 1.0, 0.0, 0.0, 15.8822, 0.149862, 16.0, 13.0, 19.0, 1.08512, 0.148076, 1.0, 0.0, 0.0, 0.0, 15.8263, 0.148833, 16.0, 13.0, 19.0, 1.08299, 0.146017, 1.0, 0.0, 1.0, 1.0, 0.04, 0.0, 0.0, 0.0, 0.0, 0.0, 0.0, 0.0, 0.0, 0.35, 0.32, 0.32
instances/gzip_vc1044.cnf, 4478.0, 9423.0, 0.0, 0.0, -512.0, -512.0, -512.0, 0.0, 0.0, 0.0, 0.0, 0.0, 0.0, 0.0, 0.0, 0.0, 0.0, -512.0, -512.0, -512.0, 0.0, 0.0, 0.0, 0.0, 0.0, 0.0, 0.0, 0.0, 0.0, 0.0, 0.0, 0.0, 0.0, 0.0, 0.0, -512.0, 0.0, 0.0, 0.0, 0.0, 0.0, 0.0, 0.0, 0.0, 0.0, 0.0, 0.0, 0.0, 0.0, 0.0, 0.0, 0.0, 0.0, 0.0, -512.0, 0.0, 0.0, 0.0, 0.0, -512.0, -512.0, -512.0, -512.0, -512.0, 0.0, 0.0, 0.0, 0.0, -512.0, -512.0, -512.0, -512.0, -512.0, 0.0, 0.0, 0.0, 0.0, -512.0, -512.0, -512.0, -512.0, -512.0, 0.0, 0.0, 0.0, 0.0, -512.0, -512.0, -512.0, -512.0, -512.0, -512.0, -512.0, -512.0, -512.0, -512.0, -512.0, 0.0, 0.0, 0.0, 0.0, -512.0, -512.0, -512.0, -512.0, -512.0, -512.0, -512.0, -512.0, -512.0, -512.0, -512.0, -512.0, -512.0, -512.0, -512.0, -512.0, -512.0, -512.0, -512.0, -512.0, -512.0, -512.0, -512.0, -512.0, -512.0, 0.05, 0.0, 0.0, 0.0, -512.0, -512.0, -512.0, -512.0, 0.0, -512.0, -512.0, -512.0
